{"chunk_definitions":[{"chunk_id":"csetup_chunk","chunk_label":"setup","document_id":"B8709E6B","expansion_state":0,"options":{"engine":"r","include":false,"label":"setup"},"row":9,"row_count":1,"visible":true},{"chunk_id":"cyq583fd87hws","chunk_label":"unnamed-chunk-3","document_id":"B8709E6B","expansion_state":0,"options":{"engine":"r","label":"unnamed-chunk-1"},"row":90,"row_count":1,"visible":true}],"default_chunk_options":{"echo":true,"error":false},"doc_write_time":1489228771,"working_dir":null}